"Sequence","seq","Length","Charge","Retention.time","Mass","m.z","decoy"
"AAEEQLSAR","AAEEQLSAR/2",9,2,15.784,973.482873,487.748713,"original"
"ALGAVDKYR","ALGAVDKYR/2",9,2,19.76,991.545079,496.779816,"original"
"AVLHGNLEK","AVLHGNLEK/2",9,2,15.829,979.545079,490.779816,"original"
"AYQQSEAYK","AYQQSEAYK/2",9,2,14.352,1086.49819,544.256371,"original"
"DSITLLDAK","DSITLLDAK/2",9,2,35.949,974.528426,488.27149,"original"
"ELETENEER","ELETENEER/2",9,2,26.565,1147.49931,574.756932,"original"
"EVTEEEAER","EVTEEEAER/2",9,2,14.945,1090.47785,546.2462,"original"
"FGGPSPQYK","FGGPSPQYK/2",9,2,20.525,979.476331,490.745442,"original"
"FWNSIVMQR","FWNSIVMQR/2",9,2,35.448,1195.58081,598.797683,"original"
"GNIQEIQTR","GNIQEIQTR/2",9,2,19.772,1057.55162,529.783087,"original"
"KLIDEMVGK","KLIDEMVGK/2",9,2,19.314,1047.56343,524.788992,"original"
"LFHSLPQLR","LFHSLPQLR/2",9,2,33.23,1109.63456,555.824558,"original"
"LMSSRDWPR","LMSSRDWPR/3",9,3,19.923,1162.55533,388.525719,"original"
"LNGTIVEGR","LNGTIVEGR/2",9,2,22.617,957.524344,479.769448,"original"
"LPQDLYHAR","LPQDLYHAR/3",9,3,23.77,1111.57744,371.533091,"original"
"LTPEYLELK","LTPEYLELK/2",9,2,37.287,1104.60668,553.310615,"original"
"MLKENPEEK","MLKENPEEK/2",9,2,13.414,1116.54851,559.281531,"original"
"MLKENPEEK","MLKENPEEK/3",9,3,13.442,1116.54851,373.190113,"original"
"NMTPSPFLR","NMTPSPFLR/2",9,2,31.639,1077.52771,539.771134,"original"
"NNGSFLAIK","NNGSFLAIK/2",9,2,33.945,962.51853,482.266542,"original"
"NPGEEEEYR","NPGEEEEYR/2",9,2,15.194,1121.46253,561.738542,"original"
"NVIEAVYSR","NVIEAVYSR/2",9,2,31.091,1049.55056,525.782556,"original"
"RPATPAEVR","RPATPAEVR/2",9,2,13.206,995.551228,498.78289,"original"
"RPEIGTFLR","RPEIGTFLR/2",9,2,31.892,1087.61383,544.81419,"original"
"SLPELAQHK","SLPELAQHK/2",9,2,22.715,1021.55564,511.785099,"original"
"SVNDLYIQK","SVNDLYIQK/2",9,2,27.588,1078.56587,540.290214,"original"
"TDPFCPIFR","TDPFCPIFR/2",9,2,42.837,1151.54336,576.778959,"original"
"TEGAFGLYR","TEGAFGLYR/2",9,2,28.75,1012.49779,507.256174,"original"
"TKFEQHTIR","TKFEQHTIR/2",9,2,13.823,1158.61456,580.314554,"original"
"VADLADFVK","VADLADFVK/2",9,2,40.029,976.522947,489.26875,"original"
"VFLENGQIK","VFLENGQIK/2",9,2,30.991,1046.57605,524.295299,"original"
"VFQASTQTR","VFQASTQTR/2",9,2,16.5,1036.53016,519.272355,"original"
"VLLVSTLQR","VLLVSTLQR/2",9,2,36.848,1027.63898,514.826766,"original"
"VTALQEECR","VTALQEECR/2",9,2,18.882,1104.52336,553.268955,"original"
"VTLSLFGLR","VTLSLFGLR/2",9,2,47.983,1004.60187,503.30821,"original"
"YIDPSGFVK","YIDPSGFVK/2",9,2,34.88,1024.52295,513.26875,"original"
"YSGDQILIR","YSGDQILIR/2",9,2,30.68,1063.56621,532.790381,"original"
"YVNPAHSPR","YVNPAHSPR/2",9,2,13.492,1039.51993,520.76724,"original"
"AFLDEMK","AFLDEMK/2",7,2,24.625,868.400055,435.207304,"original"
"AIIDQFGQR","AIIDQFGQR/2",9,2,30.751,1046.55089,524.282723,"original"
"AVEESLR","AVEESLR/2",7,2,18.219,802.418482,402.216517,"original"
"DRYEEYK","DRYEEYK/2",7,2,16.026,1001.44543,501.729989,"original"
"DSSFSSTK","DSSFSSTK/2",8,2,30.87,857.376677,429.695615,"original"
"EAFEAEYR","EAFEAEYR/2",8,2,24.674,1013.44543,507.729989,"original"
"FLALQSK","FLALQSK/2",7,2,29.864,805.469789,403.742171,"original"
"HFDFVAK","HFDFVAK/2",7,2,25.158,862.433738,432.224146,"original"
"LEMQIEK","LEMQIEK/2",7,2,15.951,905.452819,453.733686,"original"
"LLLAFQK","LLLAFQK/2",7,2,39.242,831.521825,416.768189,"original"
"LYYEGLQDK","LYYEGLQDK/2",9,2,28.05,1127.54989,564.782222,"original"
"NALWEPK","NALWEPK/2",7,2,30.077,856.444303,429.229428,"original"
"QQVDQLPR","QQVDQLPR/2",8,2,21.628,982.519593,492.267073,"original"
"QQWDQQR","QQWDQQR/2",7,2,16.297,987.452242,494.733397,"original"
"QRDPSSFLR","QRDPSSFLR/2",9,2,25.555,1104.56761,553.291079,"original"
"SFSDQPK","SFSDQPK/2",7,2,16.7,807.376283,404.695418,"original"
"TPTTLPR","TPTTLPR/2",7,2,19.91,784.444303,393.229428,"original"
"VLAAFLR","VLAAFLR/2",7,2,40.509,788.490859,395.252706,"original"
"VLDVVER","VLDVVER/2",7,2,26.517,828.470518,415.242535,"original"
"VSWQDLK","VSWQDLK/2",7,2,30.258,874.454868,438.23471,"original"
"VVFSQQELR","VVFSQQELR/2",9,2,29.497,1104.59276,553.303655,"original"
"YGDLDSR","YGDLDSR/2",7,2,17.615,824.366446,413.1905,"original"
"YTASDLFR","YTASDLFR/2",8,2,35.569,971.471246,486.742899,"original"
"AAALDAGNIK","AAALDAGNIK/2",10,2,18.503,942.513445,472.263999,"original"
"AAILLTTRPK","AAILLTTRPK/3",10,3,26.406,1082.68118,361.901003,"original"
"AFNQSSALIR","AFNQSSALIR/2",10,2,29.066,1105.58801,553.80128,"original"
"DALVQKHLTK","DALVQKHLTK/2",10,2,16.437,1151.66626,576.840405,"original"
"DIWVQEPESK","DIWVQEPESK/2",10,2,31.607,1229.59282,615.803685,"original"
"EAHFHSLQHR","EAHFHSLQHR/3",10,3,12.418,1260.6112,421.21101,"original"
"ENINIDEASR","ENINIDEASR/2",10,2,23.934,1159.54693,580.780741,"original"
"ENMEAISPLK","ENMEAISPLK/2",10,2,26.032,1146.55907,574.286814,"original"
"EVSAAIWPFR","EVSAAIWPFR/2",10,2,47.158,1174.61349,588.314023,"original"
"FDNIQGDAVK","FDNIQGDAVK/2",10,2,23.629,1105.54039,553.77747,"original"
"FFEHFIEGGR","FFEHFIEGGR/3",10,3,35.83,1237.58801,413.536612,"original"
"FIFNLEEYVR","FIFNLEEYVR/2",10,2,48.326,1328.67649,665.34552,"original"
"GENEDELSFK","GENEDELSFK/2",10,2,25.757,1166.50915,584.26185,"original"
"GIVYAVSSDR","GIVYAVSSDR/2",10,2,26.66,1065.54547,533.780013,"original"
"GVIATKQFSR","GVIATKQFSR/3",10,3,21.061,1105.62439,369.548741,"original"
"HELQHPIIAR","HELQHPIIAR/2",10,2,18.657,1212.67274,607.343646,"original"
"IAEMVALMEK","IAEMVALMEK/2",10,2,24.995,1165.57228,583.793417,"original"
"IIILYDDDER","IIILYDDDER/2",10,2,25.57,1263.63468,632.824618,"original"
"IIQFKPGQDR","IIQFKPGQDR/3",10,3,23.731,1200.66151,401.227779,"original"
"ILDSPCPKAR","ILDSPCPKAR/3",10,3,18.6,1155.60703,386.209619,"original"
"IMQSSQSMSK","IMQSSQSMSK/2",10,2,15.038,1125.51583,563.765191,"original"
"IQYLVYQMLK","IQYLVYQMLK/2",10,2,37.434,1313.70534,657.859949,"original"
"IYVVDLSNER","IYVVDLSNER/2",10,2,34.962,1206.62445,604.319502,"original"
"KWFSQHNHLK","KWFSQHNHLK/3",10,3,16.092,1323.68364,442.235156,"original"
"LFGGLILDIK","LFGGLILDIK/2",10,2,51.743,1087.66413,544.839342,"original"
"LGAEVYHTLK","LGAEVYHTLK/3",10,3,24.843,1129.61316,377.544996,"original"
"MTPLALSPPR","MTPLALSPPR/2",10,2,32.25,1097.59032,549.802434,"original"
"NPTLQSQLSR","NPTLQSQLSR/2",10,2,22.967,1142.60439,572.309469,"original"
"QLKAGEDPYR","QLKAGEDPYR/3",10,3,17.188,1175.59349,392.871772,"original"
"QLKAGEDPYR","QLKAGEDPYR/2",10,2,17.191,1175.59349,588.80402,"original"
"QRQEELCLAR","QRQEELCLAR/3",10,3,22.125,1301.65102,434.890949,"original"
"RQGLEQFINK","RQGLEQFINK/2",10,2,28.305,1231.66732,616.840936,"original"
"SSHVTIDTLK","SSHVTIDTLK/3",10,3,23.124,1099.58734,367.536389,"original"
"TAELEEALER","TAELEEALER/2",10,2,31.854,1159.57208,580.793318,"original"
"TFSLSSTLLR","TFSLSSTLLR/2",10,2,40.815,1123.62372,562.819138,"original"
"TIDYIQFLHK","TIDYIQFLHK/2",10,2,40.1,1276.68157,639.348063,"original"
"VFSVTHIK","VFSVTHIK/2",8,2,23.477,929.533452,465.774003,"original"
"VSAALEEADK","VSAALEEADK/2",10,2,20.471,1031.5135,516.764029,"original"
"VSLMSPDQLR","VSLMSPDQLR/2",10,2,26.839,1160.58596,581.300255,"original"
"VTDMFTDQEK","VTDMFTDQEK/2",10,2,19.783,1228.52817,615.271361,"original"
"YDLGGLVMVK","YDLGGLVMVK/2",10,2,40.435,1109.57908,555.796817,"original"
"YHCQLIEHSR","YHCQLIEHSR/3",10,3,14.902,1341.6248,448.215544,"original"
"YHCQLIEHSR","YHCQLIEHSR/2",10,2,17.745,1341.6248,671.819678,"original"
"YLKEEDANRK","YLKEEDANRK/3",10,3,10.963,1264.64116,422.554331,"original"
"DIYNQEEDLR","DIYNQEEDLR/2",10,2,28.425,1293.58371,647.799131,"original"
"FLQEVDFFQR","FLQEVDFFQR/2",10,2,46.17,1327.65609,664.83532,"original"
"FMEQNTLQK","FMEQNTLQK/2",9,2,18.931,1153.54376,577.779156,"original"
"FVTAINNTPR","FVTAINNTPR/2",10,2,26.901,1131.60366,566.809105,"original"
"GLLLTDPVER","GLLLTDPVER/2",10,2,39.423,1111.62372,556.819138,"original"
"GMEGGILKSR","GMEGGILKSR/2",10,2,22.838,1046.55426,524.284408,"original"
"GPQGGPGLSR","GPQGGPGLSR/2",10,2,15.53,924.477728,463.246141,"original"
"ILQFATLEQK","ILQFATLEQK/2",10,2,39.186,1189.67067,595.842613,"original"
"IVACHFIKPR","IVACHFIKPR/3",10,3,21.541,1239.69103,414.237621,"original"
"KLEQTVEQMK","KLEQTVEQMK/2",10,2,14.026,1248.63839,625.32647,"original"
"LTEEFGPHTK","LTEEFGPHTK/3",10,3,21.488,1157.57169,386.864506,"original"
"MDDDLMLALR","MDDDLMLALR/2",10,2,37.182,1223.55261,612.783581,"original"
"QACAPQELER","QACAPQELER/2",10,2,19.917,1200.55572,601.285137,"original"
"QLENGVLQIR","QLENGVLQIR/2",10,2,34.736,1168.65642,585.335487,"original"
"SIDLQEPLQK","SIDLQEPLQK/2",10,2,22.377,1169.6292,585.821878,"original"
"SLTLGIPMLK","SLTLGIPMLK/2",10,2,44.949,1087.63112,544.822835,"original"
"SPAAFHEQIK","SPAAFHEQIK/2",10,2,20.418,1126.57711,564.29583,"original"
"SRLPNVPLQR","SRLPNVPLQR/2",10,2,27.23,1178.68839,590.351471,"original"
"SVSTSYVLEK","SVSTSYVLEK/2",10,2,27.556,1111.5761,556.795329,"original"
"TTTVESSFVR","TTTVESSFVR/2",10,2,27.695,1125.5666,563.790578,"original"
"TVPKEEELLK","TVPKEEELLK/2",10,2,25.181,1184.66525,593.339904,"original"
"YFHNQEENVR","YFHNQEENVR/2",10,2,16.478,1334.60036,668.307458,"original"
"YGNPNYGGMK","YGNPNYGGMK/2",10,2,15.139,1115.47059,558.742573,"original"
"YIEELQQENK","YIEELQQENK/2",10,2,24.086,1292.62485,647.319699,"original"
"ARLEVENQAK","ARLEVENQAK/3",10,3,15.495,1156.62004,386.547288,"original"
"DINQEELR","DINQEELR/2",8,2,21.49,1015.49344,508.753995,"original"
"DIQTEEIETR","DIQTEEIETR/2",10,2,24.825,1232.58846,617.301507,"original"
"DLNAVAFR","DLNAVAFR/2",8,2,33.429,904.476666,453.245609,"original"
"DPYALDLIDK","DPYALDLIDK/2",10,2,43.115,1161.59175,581.803154,"original"
"DVTQLDPNK","DVTQLDPNK/2",9,2,23.087,1028.51384,515.264196,"original"
"EGEDAEWK","EGEDAEWK/2",8,2,19.416,962.39814,482.206347,"original"
"EIEELLAEAK","EIEELLAEAK/2",10,2,38.248,1143.60232,572.808436,"original"
"ELQALLHR","ELQALLHR/2",8,2,28.058,978.561064,490.287808,"original"
"EVCIDVGK","EVCIDVGK/2",8,2,26.126,918.448068,460.23131,"original"
"EVEESLER","EVEESLER/2",8,2,19.522,989.466554,495.740554,"original"
"FFIGFGGK","FFIGFGGK/2",8,2,43.255,871.459225,436.736889,"original"
"FMEQVVFK","FMEQVVFK/2",8,2,31.782,1042.51575,522.265153,"original"
"GLMDIFGK","GLMDIFGK/2",8,2,38.962,895.447339,448.730946,"original"
"IDDFSFQWLK","IDDFSFQWLK/2",10,2,50.608,1297.63429,649.824421,"original"
"IGSPYCLHLR","IGSPYCLHLR/2",10,2,31.315,1214.62301,608.318783,"original"
"IPVLREEK","IPVLREEK/2",8,2,22.038,982.581131,492.297842,"original"
"IQGDLAGR","IQGDLAGR/2",8,2,17.454,828.445365,415.229959,"original"
"KPEFINCQSK","KPEFINCQSK/3",10,3,17.913,1249.61251,417.544779,"original"
"LDQEEALR","LDQEEALR/2",8,2,20.686,972.487624,487.251089,"original"
"LELSVLYK","LELSVLYK/2",8,2,38.458,963.564084,482.789318,"original"
"LIQQQLEK","LIQQQLEK/2",8,2,21.94,998.576045,500.295299,"original"
"LKDSEAELQR","LKDSEAELQR/3",10,3,16.526,1187.61462,396.878815,"original"
"LLIPDDFK","LLIPDDFK/2",8,2,40.435,959.532783,480.773668,"original"
"LLLTPWVK","LLLTPWVK/2",8,2,47.182,968.605889,485.310221,"original"
"LPYDLWFK","LPYDLWFK/2",8,2,45.879,1080.56442,541.289485,"original"
"LVHYQHVFQK","LVHYQHVFQK/3",10,3,20.885,1297.69314,433.571657,"original"
"MQTQQVNTLK","MQTQQVNTLK/2",10,2,15.965,1205.60742,603.810987,"original"
"NCTYNQVQTR","NCTYNQVQTR/2",10,2,14.984,1282.57243,642.293493,"original"
"RPELGVTLTK","RPELGVTLTK/2",10,2,27.256,1112.65536,557.334956,"original"
"SLLSGLLK","SLLSGLLK/2",8,2,45.121,829.527304,415.770929,"original"
"VAIDTGYR","VAIDTGYR/2",8,2,23.982,893.460681,447.737617,"original"
"VDGALAAR","VDGALAAR/2",8,2,17.642,771.423902,386.719227,"original"
"VFQSWWDR","VFQSWWDR/2",8,2,40.447,1122.52468,562.269616,"original"
"VLFLFYEDLK","VLFLFYEDLK/2",10,2,54.211,1285.69583,643.855189,"original"
"VQIDVYEK","VQIDVYEK/2",8,2,27.964,992.517862,497.266207,"original"
"YTQNGRPWPR","YTQNGRPWPR/3",10,3,19.469,1273.6316,425.551144,"original"
"AAEEQLSAR","AAEEQLSAR/2",9,2,15.784,973.482873,487.748713,"decoy"
"ALGAVDKYR","ALGAVDKYR/2",9,2,19.76,991.545079,496.779816,"decoy"
"AVLHGNLEK","AVLHGNLEK/2",9,2,15.829,979.545079,490.779816,"decoy"
"AYQQSEAYK","AYQQSEAYK/2",9,2,14.352,1086.49819,544.256371,"decoy"
"DSITLLDAK","DSITLLDAK/2",9,2,35.949,974.528426,488.27149,"decoy"
"ELETENEER","ELETENEER/2",9,2,26.565,1147.49931,574.756932,"decoy"
"EVTEEEAER","EVTEEEAER/2",9,2,14.945,1090.47785,546.2462,"decoy"
"FGGPSPQYK","FGGPSPQYK/2",9,2,20.525,979.476331,490.745442,"decoy"
"FWNSIVMQR","FWNSIVMQR/2",9,2,35.448,1195.58081,598.797683,"decoy"
"GNIQEIQTR","GNIQEIQTR/2",9,2,19.772,1057.55162,529.783087,"decoy"
"KLIDEMVGK","KLIDEMVGK/2",9,2,19.314,1047.56343,524.788992,"decoy"
"LFHSLPQLR","LFHSLPQLR/2",9,2,33.23,1109.63456,555.824558,"decoy"
"LMSSRDWPR","LMSSRDWPR/3",9,3,19.923,1162.55533,388.525719,"decoy"
"LNGTIVEGR","LNGTIVEGR/2",9,2,22.617,957.524344,479.769448,"decoy"
"LPQDLYHAR","LPQDLYHAR/3",9,3,23.77,1111.57744,371.533091,"decoy"
"LTPEYLELK","LTPEYLELK/2",9,2,37.287,1104.60668,553.310615,"decoy"
"MLKENPEEK","MLKENPEEK/2",9,2,13.414,1116.54851,559.281531,"decoy"
"MLKENPEEK","MLKENPEEK/3",9,3,13.442,1116.54851,373.190113,"decoy"
"NMTPSPFLR","NMTPSPFLR/2",9,2,31.639,1077.52771,539.771134,"decoy"
"NNGSFLAIK","NNGSFLAIK/2",9,2,33.945,962.51853,482.266542,"decoy"
"NPGEEEEYR","NPGEEEEYR/2",9,2,15.194,1121.46253,561.738542,"decoy"
"NVIEAVYSR","NVIEAVYSR/2",9,2,31.091,1049.55056,525.782556,"decoy"
"RPATPAEVR","RPATPAEVR/2",9,2,13.206,995.551228,498.78289,"decoy"
"RPEIGTFLR","RPEIGTFLR/2",9,2,31.892,1087.61383,544.81419,"decoy"
"SLPELAQHK","SLPELAQHK/2",9,2,22.715,1021.55564,511.785099,"decoy"
"SVNDLYIQK","SVNDLYIQK/2",9,2,27.588,1078.56587,540.290214,"decoy"
"TDPFCPIFR","TDPFCPIFR/2",9,2,42.837,1151.54336,576.778959,"decoy"
"TEGAFGLYR","TEGAFGLYR/2",9,2,28.75,1012.49779,507.256174,"decoy"
"TKFEQHTIR","TKFEQHTIR/2",9,2,13.823,1158.61456,580.314554,"decoy"
"VADLADFVK","VADLADFVK/2",9,2,40.029,976.522947,489.26875,"decoy"
"VFLENGQIK","VFLENGQIK/2",9,2,30.991,1046.57605,524.295299,"decoy"
"VFQASTQTR","VFQASTQTR/2",9,2,16.5,1036.53016,519.272355,"decoy"
"VLLVSTLQR","VLLVSTLQR/2",9,2,36.848,1027.63898,514.826766,"decoy"
"VTALQEECR","VTALQEECR/2",9,2,18.882,1104.52336,553.268955,"decoy"
"VTLSLFGLR","VTLSLFGLR/2",9,2,47.983,1004.60187,503.30821,"decoy"
"YIDPSGFVK","YIDPSGFVK/2",9,2,34.88,1024.52295,513.26875,"decoy"
"YSGDQILIR","YSGDQILIR/2",9,2,30.68,1063.56621,532.790381,"decoy"
"YVNPAHSPR","YVNPAHSPR/2",9,2,13.492,1039.51993,520.76724,"decoy"
"AFLDEMK","AFLDEMK/2",7,2,24.625,868.400055,435.207304,"decoy"
"AIIDQFGQR","AIIDQFGQR/2",9,2,30.751,1046.55089,524.282723,"decoy"
"AVEESLR","AVEESLR/2",7,2,18.219,802.418482,402.216517,"decoy"
"DRYEEYK","DRYEEYK/2",7,2,16.026,1001.44543,501.729989,"decoy"
"DSSFSSTK","DSSFSSTK/2",8,2,30.87,857.376677,429.695615,"decoy"
"EAFEAEYR","EAFEAEYR/2",8,2,24.674,1013.44543,507.729989,"decoy"
"FLALQSK","FLALQSK/2",7,2,29.864,805.469789,403.742171,"decoy"
"HFDFVAK","HFDFVAK/2",7,2,25.158,862.433738,432.224146,"decoy"
"LEMQIEK","LEMQIEK/2",7,2,15.951,905.452819,453.733686,"decoy"
"LLLAFQK","LLLAFQK/2",7,2,39.242,831.521825,416.768189,"decoy"
"LYYEGLQDK","LYYEGLQDK/2",9,2,28.05,1127.54989,564.782222,"decoy"
"NALWEPK","NALWEPK/2",7,2,30.077,856.444303,429.229428,"decoy"
"QQVDQLPR","QQVDQLPR/2",8,2,21.628,982.519593,492.267073,"decoy"
"QQWDQQR","QQWDQQR/2",7,2,16.297,987.452242,494.733397,"decoy"
"QRDPSSFLR","QRDPSSFLR/2",9,2,25.555,1104.56761,553.291079,"decoy"
"SFSDQPK","SFSDQPK/2",7,2,16.7,807.376283,404.695418,"decoy"
"TPTTLPR","TPTTLPR/2",7,2,19.91,784.444303,393.229428,"decoy"
"VLAAFLR","VLAAFLR/2",7,2,40.509,788.490859,395.252706,"decoy"
"VLDVVER","VLDVVER/2",7,2,26.517,828.470518,415.242535,"decoy"
"VSWQDLK","VSWQDLK/2",7,2,30.258,874.454868,438.23471,"decoy"
"VVFSQQELR","VVFSQQELR/2",9,2,29.497,1104.59276,553.303655,"decoy"
"YGDLDSR","YGDLDSR/2",7,2,17.615,824.366446,413.1905,"decoy"
"YTASDLFR","YTASDLFR/2",8,2,35.569,971.471246,486.742899,"decoy"
"AAALDAGNIK","AAALDAGNIK/2",10,2,18.503,942.513445,472.263999,"decoy"
"AAILLTTRPK","AAILLTTRPK/3",10,3,26.406,1082.68118,361.901003,"decoy"
"AFNQSSALIR","AFNQSSALIR/2",10,2,29.066,1105.58801,553.80128,"decoy"
"DALVQKHLTK","DALVQKHLTK/2",10,2,16.437,1151.66626,576.840405,"decoy"
"DIWVQEPESK","DIWVQEPESK/2",10,2,31.607,1229.59282,615.803685,"decoy"
"EAHFHSLQHR","EAHFHSLQHR/3",10,3,12.418,1260.6112,421.21101,"decoy"
"ENINIDEASR","ENINIDEASR/2",10,2,23.934,1159.54693,580.780741,"decoy"
"ENMEAISPLK","ENMEAISPLK/2",10,2,26.032,1146.55907,574.286814,"decoy"
"EVSAAIWPFR","EVSAAIWPFR/2",10,2,47.158,1174.61349,588.314023,"decoy"
"FDNIQGDAVK","FDNIQGDAVK/2",10,2,23.629,1105.54039,553.77747,"decoy"
"FFEHFIEGGR","FFEHFIEGGR/3",10,3,35.83,1237.58801,413.536612,"decoy"
"FIFNLEEYVR","FIFNLEEYVR/2",10,2,48.326,1328.67649,665.34552,"decoy"
"GENEDELSFK","GENEDELSFK/2",10,2,25.757,1166.50915,584.26185,"decoy"
"GIVYAVSSDR","GIVYAVSSDR/2",10,2,26.66,1065.54547,533.780013,"decoy"
"GVIATKQFSR","GVIATKQFSR/3",10,3,21.061,1105.62439,369.548741,"decoy"
"HELQHPIIAR","HELQHPIIAR/2",10,2,18.657,1212.67274,607.343646,"decoy"
"IAEMVALMEK","IAEMVALMEK/2",10,2,24.995,1165.57228,583.793417,"decoy"
"IIILYDDDER","IIILYDDDER/2",10,2,25.57,1263.63468,632.824618,"decoy"
"IIQFKPGQDR","IIQFKPGQDR/3",10,3,23.731,1200.66151,401.227779,"decoy"
"ILDSPCPKAR","ILDSPCPKAR/3",10,3,18.6,1155.60703,386.209619,"decoy"
"IMQSSQSMSK","IMQSSQSMSK/2",10,2,15.038,1125.51583,563.765191,"decoy"
"IQYLVYQMLK","IQYLVYQMLK/2",10,2,37.434,1313.70534,657.859949,"decoy"
"IYVVDLSNER","IYVVDLSNER/2",10,2,34.962,1206.62445,604.319502,"decoy"
"KWFSQHNHLK","KWFSQHNHLK/3",10,3,16.092,1323.68364,442.235156,"decoy"
"LFGGLILDIK","LFGGLILDIK/2",10,2,51.743,1087.66413,544.839342,"decoy"
"LGAEVYHTLK","LGAEVYHTLK/3",10,3,24.843,1129.61316,377.544996,"decoy"
"MTPLALSPPR","MTPLALSPPR/2",10,2,32.25,1097.59032,549.802434,"decoy"
"NPTLQSQLSR","NPTLQSQLSR/2",10,2,22.967,1142.60439,572.309469,"decoy"
"QLKAGEDPYR","QLKAGEDPYR/3",10,3,17.188,1175.59349,392.871772,"decoy"
"QLKAGEDPYR","QLKAGEDPYR/2",10,2,17.191,1175.59349,588.80402,"decoy"
"QRQEELCLAR","QRQEELCLAR/3",10,3,22.125,1301.65102,434.890949,"decoy"
"RQGLEQFINK","RQGLEQFINK/2",10,2,28.305,1231.66732,616.840936,"decoy"
"SSHVTIDTLK","SSHVTIDTLK/3",10,3,23.124,1099.58734,367.536389,"decoy"
"TAELEEALER","TAELEEALER/2",10,2,31.854,1159.57208,580.793318,"decoy"
"TFSLSSTLLR","TFSLSSTLLR/2",10,2,40.815,1123.62372,562.819138,"decoy"
"TIDYIQFLHK","TIDYIQFLHK/2",10,2,40.1,1276.68157,639.348063,"decoy"
"VFSVTHIK","VFSVTHIK/2",8,2,23.477,929.533452,465.774003,"decoy"
"VSAALEEADK","VSAALEEADK/2",10,2,20.471,1031.5135,516.764029,"decoy"
"VSLMSPDQLR","VSLMSPDQLR/2",10,2,26.839,1160.58596,581.300255,"decoy"
"VTDMFTDQEK","VTDMFTDQEK/2",10,2,19.783,1228.52817,615.271361,"decoy"
"YDLGGLVMVK","YDLGGLVMVK/2",10,2,40.435,1109.57908,555.796817,"decoy"
"YHCQLIEHSR","YHCQLIEHSR/3",10,3,14.902,1341.6248,448.215544,"decoy"
"YHCQLIEHSR","YHCQLIEHSR/2",10,2,17.745,1341.6248,671.819678,"decoy"
"YLKEEDANRK","YLKEEDANRK/3",10,3,10.963,1264.64116,422.554331,"decoy"
"DIYNQEEDLR","DIYNQEEDLR/2",10,2,28.425,1293.58371,647.799131,"decoy"
"FLQEVDFFQR","FLQEVDFFQR/2",10,2,46.17,1327.65609,664.83532,"decoy"
"FMEQNTLQK","FMEQNTLQK/2",9,2,18.931,1153.54376,577.779156,"decoy"
"FVTAINNTPR","FVTAINNTPR/2",10,2,26.901,1131.60366,566.809105,"decoy"
"GLLLTDPVER","GLLLTDPVER/2",10,2,39.423,1111.62372,556.819138,"decoy"
"GMEGGILKSR","GMEGGILKSR/2",10,2,22.838,1046.55426,524.284408,"decoy"
"GPQGGPGLSR","GPQGGPGLSR/2",10,2,15.53,924.477728,463.246141,"decoy"
"ILQFATLEQK","ILQFATLEQK/2",10,2,39.186,1189.67067,595.842613,"decoy"
"IVACHFIKPR","IVACHFIKPR/3",10,3,21.541,1239.69103,414.237621,"decoy"
"KLEQTVEQMK","KLEQTVEQMK/2",10,2,14.026,1248.63839,625.32647,"decoy"
"LTEEFGPHTK","LTEEFGPHTK/3",10,3,21.488,1157.57169,386.864506,"decoy"
"MDDDLMLALR","MDDDLMLALR/2",10,2,37.182,1223.55261,612.783581,"decoy"
"QACAPQELER","QACAPQELER/2",10,2,19.917,1200.55572,601.285137,"decoy"
"QLENGVLQIR","QLENGVLQIR/2",10,2,34.736,1168.65642,585.335487,"decoy"
"SIDLQEPLQK","SIDLQEPLQK/2",10,2,22.377,1169.6292,585.821878,"decoy"
"SLTLGIPMLK","SLTLGIPMLK/2",10,2,44.949,1087.63112,544.822835,"decoy"
"SPAAFHEQIK","SPAAFHEQIK/2",10,2,20.418,1126.57711,564.29583,"decoy"
"SRLPNVPLQR","SRLPNVPLQR/2",10,2,27.23,1178.68839,590.351471,"decoy"
"SVSTSYVLEK","SVSTSYVLEK/2",10,2,27.556,1111.5761,556.795329,"decoy"
"TTTVESSFVR","TTTVESSFVR/2",10,2,27.695,1125.5666,563.790578,"decoy"
"TVPKEEELLK","TVPKEEELLK/2",10,2,25.181,1184.66525,593.339904,"decoy"
"YFHNQEENVR","YFHNQEENVR/2",10,2,16.478,1334.60036,668.307458,"decoy"
"YGNPNYGGMK","YGNPNYGGMK/2",10,2,15.139,1115.47059,558.742573,"decoy"
"YIEELQQENK","YIEELQQENK/2",10,2,24.086,1292.62485,647.319699,"decoy"
"ARLEVENQAK","ARLEVENQAK/3",10,3,15.495,1156.62004,386.547288,"decoy"
"DINQEELR","DINQEELR/2",8,2,21.49,1015.49344,508.753995,"decoy"
"DIQTEEIETR","DIQTEEIETR/2",10,2,24.825,1232.58846,617.301507,"decoy"
"DLNAVAFR","DLNAVAFR/2",8,2,33.429,904.476666,453.245609,"decoy"
"DPYALDLIDK","DPYALDLIDK/2",10,2,43.115,1161.59175,581.803154,"decoy"
"DVTQLDPNK","DVTQLDPNK/2",9,2,23.087,1028.51384,515.264196,"decoy"
"EGEDAEWK","EGEDAEWK/2",8,2,19.416,962.39814,482.206347,"decoy"
"EIEELLAEAK","EIEELLAEAK/2",10,2,38.248,1143.60232,572.808436,"decoy"
"ELQALLHR","ELQALLHR/2",8,2,28.058,978.561064,490.287808,"decoy"
"EVCIDVGK","EVCIDVGK/2",8,2,26.126,918.448068,460.23131,"decoy"
"EVEESLER","EVEESLER/2",8,2,19.522,989.466554,495.740554,"decoy"
"FFIGFGGK","FFIGFGGK/2",8,2,43.255,871.459225,436.736889,"decoy"
"FMEQVVFK","FMEQVVFK/2",8,2,31.782,1042.51575,522.265153,"decoy"
"GLMDIFGK","GLMDIFGK/2",8,2,38.962,895.447339,448.730946,"decoy"
"IDDFSFQWLK","IDDFSFQWLK/2",10,2,50.608,1297.63429,649.824421,"decoy"
"IGSPYCLHLR","IGSPYCLHLR/2",10,2,31.315,1214.62301,608.318783,"decoy"
"IPVLREEK","IPVLREEK/2",8,2,22.038,982.581131,492.297842,"decoy"
"IQGDLAGR","IQGDLAGR/2",8,2,17.454,828.445365,415.229959,"decoy"
"KPEFINCQSK","KPEFINCQSK/3",10,3,17.913,1249.61251,417.544779,"decoy"
"LDQEEALR","LDQEEALR/2",8,2,20.686,972.487624,487.251089,"decoy"
"LELSVLYK","LELSVLYK/2",8,2,38.458,963.564084,482.789318,"decoy"
"LIQQQLEK","LIQQQLEK/2",8,2,21.94,998.576045,500.295299,"decoy"
"LKDSEAELQR","LKDSEAELQR/3",10,3,16.526,1187.61462,396.878815,"decoy"
"LLIPDDFK","LLIPDDFK/2",8,2,40.435,959.532783,480.773668,"decoy"
"LLLTPWVK","LLLTPWVK/2",8,2,47.182,968.605889,485.310221,"decoy"
"LPYDLWFK","LPYDLWFK/2",8,2,45.879,1080.56442,541.289485,"decoy"
"LVHYQHVFQK","LVHYQHVFQK/3",10,3,20.885,1297.69314,433.571657,"decoy"
"MQTQQVNTLK","MQTQQVNTLK/2",10,2,15.965,1205.60742,603.810987,"decoy"
"NCTYNQVQTR","NCTYNQVQTR/2",10,2,14.984,1282.57243,642.293493,"decoy"
"RPELGVTLTK","RPELGVTLTK/2",10,2,27.256,1112.65536,557.334956,"decoy"
"SLLSGLLK","SLLSGLLK/2",8,2,45.121,829.527304,415.770929,"decoy"
"VAIDTGYR","VAIDTGYR/2",8,2,23.982,893.460681,447.737617,"decoy"
"VDGALAAR","VDGALAAR/2",8,2,17.642,771.423902,386.719227,"decoy"
"VFQSWWDR","VFQSWWDR/2",8,2,40.447,1122.52468,562.269616,"decoy"
"VLFLFYEDLK","VLFLFYEDLK/2",10,2,54.211,1285.69583,643.855189,"decoy"
"VQIDVYEK","VQIDVYEK/2",8,2,27.964,992.517862,497.266207,"decoy"
"YTQNGRPWPR","YTQNGRPWPR/3",10,3,19.469,1273.6316,425.551144,"decoy"
